,temperature,humidity,rainfall,label
0,25.0756354,84.34262707,285.2493645,Palay
1,26.35927159,81.04554836,298.4018471,Palay
2,24.52922681,87.32761241,257.0343554,Mais
3,20.77576147,89.71503316,248.7183228,Palay
4,22.30157427,83.24855855,209.9001977,Palay
5,21.44653958,85.5701901,200.834898,Palay
6,22.17931888,87.93598094,298.5601175,Palay
7,24.52783742,82.1193047,265.5355937,Palay
8,20.26707606,86.73346018,183.6793207,Palay
9,25.7354293,86.45147631,196.9560008,Palay
10,26.79533926,82.35916228,233.0453455,Palay
11,26.75754171,84.96089355,210.8142087,Palay
12,23.86330467,86.45193297,253.7202781,Palay
13,21.01944696,85.16906976,219.9048349,Palay
14,24.17298839,80.4513142,208.5810155,Mais
15,22.78133816,84.96771717,195.0948311,Mais
16,25.62980105,83.64274107,227.3637009,Mais
17,25.59704938,89.07866095,286.5083725,Palay
18,23.83067496,87.93724219,283.9338466,Palay
19,26.31355498,85.81675947,217.3788583,Palay
20,24.8972823,80.29868321,267.9761948,Palay
21,24.958779,86.404241,191.9535738,Palay
22,23.24113501,81.67085323,277.9626192,Palay
23,21.66628296,82.60629652,245.1511304,Palay
24,24.63544858,86.20681554,245.6626799,Palay
25,23.43121862,88.71782287,279.5451717,Palay
26,20.0454142,87.50436797,202.3838319,Palay
27,23.85724032,88.73100226,263.6372176,Palay
28,21.97199397,81.59200689,182.5616319,Palay
29,26.22916897,84.61431076,198.6730942,Palay
30,23.44676801,88.4393979,243.5120414,Palay
31,25.65553461,86.13316408,263.1103304,Palay
32,24.44345477,86.99495766,269.5039162,Palay
33,20.2801937,84.80084105,204.8001847,Mais
34,21.7238313,89.1148059,260.8875056,Mais
35,20.41447029,88.07505524,295.6094492,Mais
36,25.75528612,87.16679147,192.3197536,Palay
37,20.61521424,83.14796296,257.4914906,Palay
38,21.84106875,88.50229102,278.0791793,Palay
39,20.08369642,89.30428305,280.4044392,Palay
40,24.45802087,82.76020821,185.9461429,Palay
41,21.14347496,85.99127934,194.5766559,Palay
42,25.78720567,89.9939693,200.9133156,Palay
43,23.64124821,82.9116472,182.9043504,Palay
44,23.43191632,89.99615558,195.3574542,Palay
45,24.97669518,87.4512669,223.3671883,Palay
46,22.72791041,81.94268594,186.7536773,Mais
47,24.87300744,85.60472562,220.1156708,Mais
48,21.32376327,84.8593608,231.7364957,Mais
49,26.29465461,89.80650642,242.3170629,Palay
50,22.2286982,85.44815232,182.6549356,Palay
51,26.73072391,86.89934108,233.7034975,Palay
52,24.88921174,85.91625451,230.2242223,Palay
53,26.88444878,81.13903037,290.6793783,Palay
54,22.67846116,89.92908171,241.2013513,Mais
55,26.08867875,84.28187572,218.9163567,Palay
56,25.42977518,85.85384444,248.2256491,Palay
57,26.40323239,87.59810657,256.9964761,Palay
58,26.04371967,87.60890009,194.2651719,Palay
59,25.2827223,82.89166381,295.9248796,Palay
60,22.08576562,87.17649,287.5766935,Palay
61,23.28617173,87.09979549,183.6222657,Palay
62,25.48591986,88.48312598,188.413665,Palay
63,23.67575393,89.89593328,87.75953857,Palay
64,20.82477109,86.94206817,102.2662445,Palay
65,26.92995077,83.8001509,66.71995467,Palay
66,23.83509503,80.14487166,60.65171481,Mais
67,26.52872817,80.98004661,65.43835393,Palay
68,26.46428311,89.4875022,102.0861694,Palay
69,22.69657794,88.48587386,105.4654703,Palay
70,22.68319059,82.67639542,78.06639649,Mais
71,21.53346343,83.97586797,65.27798457,Mais
72,21.40865769,81.97952224,109.2162279,Mais
73,26.54348085,88.00989267,94.29712821,Palay
74,23.35905428,86.49366929,74.05474936,Palay
75,22.61359953,86.12194568,63.87020584,Palay
76,26.10018422,87.11497805,94.76189431,Palay
77,23.55882094,86.16063492,72.12375573,Palay
78,19.97215954,84.8845732,63.72358154,Mais
79,18.47891261,80.35005927,104.1626147,Palay
80,21.77689322,80.28038146,76.68456006,Palay
81,25.6217169,80.03499648,65.49730729,Palay
82,25.19192419,83.6869203,84.23613484,Palay
83,20.41683147,88.66663953,79.74078719,Palay
84,24.92162194,85.42058715,88.07753741,Palay
85,23.31689124,81.8009244,80.97573281,Palay
86,24.84016732,83.78911515,79.7532896,Mais
87,22.27526694,86.5543196,74.51490791,Mais
88,18.87751445,88.9570454,96.46380213,Mais
89,25.19008683,89.1886954,102.8301942,Palay
90,18.25405352,83.63802195,102.4852929,Palay
91,24.6129118,87.91332682,70.43473609,Palay
92,25.1420613,80.45744422,108.8303762,Palay
93,23.09348056,89.12760359,65.88951188,Palay
94,18.05033737,83.52706038,90.988051,Mais
95,24.9321581,83.69659318,64.40866039,Palay
96,31.24021696,86.69133979,63.03843397,Palay
97,28.98039357,83.48991368,87.9298085,Palay
98,27.32198928,82.00274423,107.4931917,Palay
99,21.47607807,80.31964408,60.95197486,Palay
100,18.31910448,82.3207629,109.7515385,Palay
101,36.97794384,80.15836264,91.76337172,Palay
102,24.80467592,81.60487287,94.26249353,Palay
103,19.3479443,83.37011772,71.07562236,Palay
104,28.88302142,82.63941394,76.72860067,Palay
105,19.54314136,82.89408619,69.21803098,Palay
106,24.7741949,83.5352163,101.7004306,Palay
107,18.33124824,83.03322691,106.6213157,Palay
108,19.14729038,81.41753846,66.29390357,Palay
109,28.23416057,81.45061596,91.26056654,Palay
110,30.11812084,80.88684822,109.024141,Palay
111,33.4126864,82.05687182,99.57981207,Palay
112,24.18553163,80.66385045,71.3195307,Palay
113,26.88630675,80.30025587,78.34604471,Palay
114,31.33170829,82.7883708,88.45361858,Palay
115,33.30711818,80.41817957,62.50351892,Palay
116,23.45379018,80.1923008,76.41312437,Palay
117,34.53823889,83.58760316,107.3198135,Palay
118,19.50112224,80.47476396,100.7689246,Palay
119,28.76794904,83.11713476,107.2681929,Palay
120,30.97758716,80.97384195,101.5952794,Palay
121,18.39759147,82.67839517,80.72515943,Palay
122,35.09357419,81.33265073,83.73280082,Palay
123,34.93174223,80.52389148,89.9622014,Palay
124,29.50523036,84.04403589,88.10234397,Palay
125,34.51934775,80.54498576,64.77791424,Palay
126,28.43430726,84.49774397,73.33636055,Palay
127,18.41645629,80.64416466,83.21030571,Palay
128,31.07508973,84.94375962,103.651438,Palay
129,20.89342749,80.33127223,84.22969177,Palay
130,30.90607799,82.73685569,96.59195302,Palay
131,27.9348279,81.63895217,67.96704792,Palay
132,35.95176642,83.88266234,83.20711308,Palay
133,19.54317155,82.1480873,87.85092352,Palay
134,19.63736208,81.17734011,95.71388473,Palay
135,31.2192752,83.15250801,67.61013737,Palay
136,33.50876355,82.95221726,97.59081274,Palay
137,24.80710166,83.7287574,64.23845455,Palay
138,36.20970524,82.06719137,75.82270467,Palay
139,30.50420876,83.52842314,88.17251033,Palay
140,26.01630259,80.14509262,104.2321615,Palay
141,31.48469278,84.81360127,67.10225139,Palay
142,33.15122581,82.36698992,67.72777298,Palay
143,23.50222822,80.52586088,103.2234212,Palay
144,34.87248659,84.47963372,107.2361366,Palay
145,28.09269012,84.59201843,75.03247667,Palay
146,24.54757829,80.70960551,78.16077693,Palay
147,33.64769646,80.41363018,105.0083144,Palay
148,20.5591255,83.06310136,62.49190812,Palay
149,19.95991719,80.3477562,107.9124111,Palay
150,28.87667593,82.22572988,74.52082026,Palay
151,36.04353699,81.89918197,62.91359494,Palay
152,23.6734328,83.83625819,69.93293255,Mais
153,25.74679443,84.79352417,108.5054416,Palay
154,31.08564994,83.47021081,78.96159541,Palay
155,18.72987676,82.45432595,79.84925393,Palay
156,29.50304807,82.1235421,93.62039175,Palay
157,20.43517772,80.2389895,85.75692395,Palay
158,36.00415838,82.20802629,82.34162918,Palay
159,31.46846241,83.51827127,108.7603001,Palay
160,36.30049702,83.77345559,70.23401597,Palay
161,29.49096726,80.72886384,65.50861389,Palay
162,30.5753044,83.29114712,98.73771338,Palay
163,24.69487673,82.74835604,88.55123143,Palay
164,23.17409556,80.33502926,79.92698081,Mais
165,19.04380471,82.11124033,68.54932919,Mais
166,31.49398069,80.28597873,88.51048983,Mais
167,30.99694676,80.56887849,79.26357665,Palay
168,29.61253065,83.891805,92.68373702,Palay
169,29.97604322,82.1706881,74.6631118,Palay
170,30.88883074,82.84022551,82.61734721,Palay
171,30.39321309,83.00320459,81.84997529,Palay
172,30.43683729,84.56919326,81.98568791,Palay
173,25.32688786,81.85872947,93.55280105,Palay
174,30.53684308,81.78596776,74.58565097,Palay
175,30.38257873,81.97927117,78.96514709,Palay
176,24.01825377,81.46033732,80.7108745,Palay
177,28.69841277,83.72874389,70.18185181,Palay
178,29.33743412,80.37979919,71.58010169,Palay
179,27.96583691,82.94682591,73.50734019,Palay
180,24.86803974,81.05635517,82.52339655,Mais
181,25.87682261,84.96907151,66.96980581,Mais
182,31.01963639,80.54372813,90.46228334,Palay
183,27.43329405,83.47038318,71.31007253,Palay
184,28.3340432,81.43321641,85.74904898,Palay
185,27.01470397,81.40633547,89.31050665,Palay
186,28.17432665,81.03569343,85.52950164,Palay
187,29.87888063,84.1341879,72.94940441,Mais
188,29.89232778,81.91411159,72.32667516,Mais
189,28.56212158,83.88387074,74.87445574,Mais
190,27.53592929,80.12267476,94.70992037,Palay
191,29.68361658,83.85642678,83.74606679,Palay
192,28.14448546,82.81088865,78.92060234,Palay
193,29.53037621,83.46358271,83.75937135,Palay
194,27.88352946,82.14004101,76.57580954,Palay
195,28.22471276,83.3293191,91.76071648,Mais
196,29.008124,84.67353597,76.32470713,Palay
197,29.75538903,83.59512273,89.73119396,Palay
198,29.78416743,63.69070564,93.35034262,Mais
199,27.8640132,71.57476937,81.20176515,Palay
200,27.11026483,71.59351368,81.70769297,Palay
201,27.11030369,57.68272924,83.74879344,Palay
202,29.8596912,62.69503871,77.5429424,Palay
203,29.06631494,57.80840636,77.92798682,Palay
204,27.38538997,66.50415474,82.2545577,Palay
205,27.93034941,66.6902901,70.52056697,Palay
206,29.2808618,62.5542482,72.78624223,Palay
207,28.9973145,66.78627406,85.24819851,Palay
208,27.92678579,73.4541537,85.37378769,Palay
209,28.5474135,68.3584573,75.6317566,Palay
210,29.36488409,58.84015925,89.61857826,Mais
211,28.56149805,65.76816093,75.49101167,Mais
212,28.43683487,60.2001687,86.05078037,Mais
213,28.79728147,55.28220433,80.25064637,Palay
214,28.7275267,70.4162444,78.26039559,Palay
215,27.95639663,65.26185135,75.57790384,Palay
216,28.17458662,60.1159381,72.9446671,Palay
217,28.77653519,62.89366992,90.7760707,Palay
218,28.438097,73.80435276,77.81891424,Palay
219,29.48439992,71.09445342,78.06910795,Mais
220,26.73433965,66.65952796,85.57925437,Palay
221,26.27274407,58.75082029,69.40619137,Palay
222,34.03679184,67.22190688,76.32565249,Palay
223,28.03644051,68.49835977,80.6405403,Palay
224,28.81460716,57.48775781,80.1113384,Palay
225,34.03619494,71.50905983,91.94595352,Palay
226,33.8642935,63.10459626,87.51312796,Palay
227,32.84213012,63.4711755,94.00287214,Palay
228,27.10053268,63.1621551,88.4585692,Palay
229,25.65842532,55.53128131,84.78344008,Palay
230,32.34744009,67.99257471,68.97806542,Palay
231,29.58949031,61.89472002,88.68168643,Mais
232,30.91219459,65.61418761,202.9355362,Mais
233,28.12787838,74.089114,226.6555374,Mais
234,30.08545364,62.35750641,263.9642476,Palay
235,31.74379487,59.64024162,242.8640342,Palay
236,27.81326852,74.82913698,262.7173405,Palay
237,32.88733849,74.52600826,251.0549998,Palay
238,29.36358721,73.13112261,271.3248604,Palay
239,27.82592799,70.04556743,241.9741949,Palay
240,28.49538735,60.27766379,230.4462359,Palay
241,27.74274761,57.21025565,221.2091958,Palay
242,30.41588462,72.85462807,264.6148697,Palay
243,27.3254209,69.00128641,250.0832336,Palay
244,30.28496619,68.74248334,284.4364567,Palay
245,28.56840626,56.35606753,185.2773389,Palay
246,25.36586097,61.89082199,209.5869708,Palay
247,34.9466155,65.47050802,231.0863347,Mais
248,25.09737391,65.34583901,276.6552459,Mais
249,32.47648301,56.73426469,206.2611855,Mais
250,33.86351172,63.91281869,224.5550169,Palay
251,25.19857725,64.23580251,291.2986618,Palay
252,31.77681682,61.74427165,185.4974732,Palay
253,34.89814946,61.24500053,231.3843163,Palay
254,31.74105409,61.91044947,213.3560921,Mais
255,27.16159076,56.50768935,233.1075816,Mais
256,26.23773129,69.02298571,224.0581164,Mais
257,30.20157245,65.35549924,257.0038865,Mais
258,31.55846339,59.24537979,271.3586137,Mais
259,29.67892453,69.0276233,57.79863368,Mais
260,27.05365239,61.32026065,44.56598352,Mais
261,34.63880966,72.89187265,56.68833819,Mais
262,33.39438752,69.63481219,59.87065439,Mais
263,28.84079155,59.4375337,48.48319335,Mais
264,31.49338309,68.034493,48.56690235,Mais
265,25.54960633,73.58868502,43.80041104,Mais
266,34.37329112,59.52193158,36.94616965,Mais
267,34.6008247,61.33450447,53.43228915,Mais
268,29.43463808,68.30578978,50.49913241,Mais
269,29.10713092,73.62548442,45.04467075,Mais
270,28.57006111,55.64709899,58.37249772,Mais
271,27.54384835,65.7420046,40.12044158,Mais
272,33.04687968,65.77472881,51.09802625,Mais
273,33.95309131,60.61494304,58.86687093,Mais
274,30.11873003,72.33125523,56.04995423,Mais
275,29.57812712,71.59722446,58.41394143,Mais
276,27.26458947,69.36385721,54.96121262,Mais
277,31.35730791,66.20569924,49.61865305,Mais
278,31.52104732,61.55327249,52.84626009,Mais
279,29.39982732,55.97732754,55.03723979,Mais
280,29.38400259,59.24580604,54.62243308,Mais
281,28.38686534,65.92195844,59.03629954,Mais
282,28.47442276,72.52054555,52.93031105,Mais
283,32.79766751,63.31801994,56.52558045,Mais
284,26.42333018,67.816568,53.15223123,Mais
285,29.79181107,71.516474,50.46746116,Mais
286,27.44003279,63.73849998,39.23831035,Mais
287,34.1262979,72.61024172,44.17580911,Mais
288,30.94908189,71.96246617,45.48591922,Mais
289,28.75751783,61.37879671,56.09542002,Mais
290,27.24766491,59.37147589,41.39081525,Mais
291,28.63005477,72.80086137,57.99524359,Mais
292,26.41768321,63.24648023,43.15411472,Mais
293,32.81705216,62.49878458,50.91511275,Mais
294,29.6321052,59.66263104,43.78420984,Mais
295,33.49077065,70.74739256,49.50812624,Mais
296,31.86847286,16.98861173,36.45012824,Mais
297,30.32992227,17.13159126,37.45680611,Mais
298,28.546224,15.40589717,53.79732545,Mais
299,30.02629908,15.65809214,37.44800463,Mais
300,31.65531175,19.56381041,54.7960127,Mais
301,30.33499674,15.40312102,40.53173216,Mais
302,33.36984395,16.60820843,50.9246554,Mais
303,31.4345059,18.74926979,56.01913159,Mais
304,27.71678273,18.90426935,58.18713162,Mais
305,32.63918668,18.30968112,48.9366954,Mais
306,32.7477393,19.33470387,98.67527561,Mais
307,28.05153602,15.22538951,95.85118326,Mais
308,19.44084326,14.69765308,95.70525913,Mais
309,29.84823072,19.5161216,92.19721736,Mais
310,21.36383757,14.71070537,98.00687989,Mais
311,26.28663931,19.18197264,97.72843182,Mais
312,22.17499963,19.8601304,93.75441586,Mais
313,26.57597546,16.39535215,95.3713484,Mais
314,26.58972517,15.7559405,98.46768642,Mais
315,19.1345771,14.32313811,94.11213345,Mais
316,28.75273118,16.14565756,97.31258083,Mais
317,25.78746268,15.11279612,99.35408185,Mais
318,23.89271875,14.99927489,89.85646496,Mais
319,28.67408774,18.43475844,91.87312479,Mais
320,28.42062847,19.22008229,94.42850522,Mais
321,21.35499456,14.42457525,91.55845821,Mais
322,21.12695586,16.67921616,97.41054011,Mais
323,24.02037872,18.66725565,95.74606104,Mais
324,25.40474421,17.0662427,98.33351125,Mais
325,29.03017561,17.93253975,99.9834242,Mais
326,20.21368219,14.25803981,99.61465679,Mais
327,29.19585548,15.82069268,94.62954663,Mais
328,18.29783597,19.44225438,98.63333684,Mais
329,27.41434987,19.09172907,97.01331604,Mais
330,24.84063998,16.1074793,90.28624348,Mais
331,29.94413861,16.54314829,90.65022183,Mais
332,25.87990287,17.58406365,91.82271568,Mais
333,20.0467711,16.17772668,90.82549241,Mais
334,22.99451999,19.68538502,92.09609766,Mais
335,25.13163619,15.21618225,100.2585673,Mais
336,28.49584395,17.80852431,92.99739415,Mais
337,18.28766124,16.89574311,100.2160615,Mais
338,24.38041875,16.63805158,98.81596545,Mais
339,21.31852148,17.30457712,98.00644238,Mais
340,18.54141834,15.77458129,91.67241761,Mais
341,25.28710601,14.27327988,95.99487068,Mais
342,24.87425505,18.23490739,97.38741498,Mais
343,23.97081395,14.92241479,95.8445641,Mais
344,20.06003985,17.26184541,100.8124659,Mais
345,19.59221047,16.96070581,90.21633216,Mais
346,29.77013109,18.98030507,90.14047759,Mais
347,27.52135365,19.63719995,97.41586402,Mais
348,25.62896213,15.15405941,93.36718816,Mais
349,20.39078312,15.48083156,97.76832322,Mais
350,25.39038396,14.70085967,95.257992,Mais
351,24.91079638,16.71826572,92.37238878,Mais
352,27.70496805,18.91295403,91.63074547,Mais
353,18.06486101,17.63879418,92.26439205,Mais
354,18.13027797,17.86754927,96.27792547,Mais
355,23.82723528,16.02542689,94.49161372,Mais
356,23.19305333,17.41333199,90.29643888,Mais
357,25.08966129,14.99451145,90.40332704,Mais
358,25.86928193,14.72115044,90.89173106,Mais
359,18.43966037,17.17260319,95.23444287,Mais
360,27.14911056,18.74943955,100.7586226,Mais
361,23.33375853,18.71483156,96.59816497,Mais
362,26.7230014,19.85388984,99.642454,Palay
363,19.55750776,16.63294455,97.55155537,Palay
364,26.13708256,14.44228303,90.40260445,Palay
365,27.99990346,15.84572566,92.84991507,Palay
366,29.05941162,14.2804191,93.30247448,Palay
367,25.71269843,15.85622899,92.21318555,Palay
368,21.79792649,15.83500655,94.76322976,Palay
369,24.70626432,19.96978871,98.28583013,Palay
370,20.94981756,18.25142068,91.01152997,Palay
371,24.84918386,17.54024066,91.09745581,Palay
372,21.91041045,14.44008871,91.405983,Palay
373,25.93381964,17.85057083,89.78216168,Palay
374,29.82112112,18.72831993,97.51952041,Palay
375,27.52185591,16.42891834,89.98024312,Palay
376,27.99627907,16.39055394,95.94035356,Palay
377,20.76774783,14.76014523,95.89898581,Palay
378,23.05276444,17.44534641,100.3060719,Palay
379,21.65845777,18.09665739,89.74409017,Palay
380,26.25070298,16.06240074,97.4611918,Palay
381,20.97195263,14.82633099,91.46664318,Palay
382,23.89736406,16.80472243,89.59371481,Palay
383,24.55981624,18.02235902,95.04871605,Palay
384,19.65690085,16.41998269,97.79072474,Palay
385,18.78359608,14.74071856,93.53197359,Palay
386,24.1469628,19.83643308,91.77522598,Mais
387,22.44581266,15.9362937,96.23520043,Mais
388,24.96273236,15.57324389,96.63721027,Mais
389,22.5526059,17.60756635,96.38808001,Palay
390,22.77035608,15.27824066,98.05089394,Palay
391,19.20090378,18.75626255,91.22881052,Palay
392,19.1345771,14.33847406,98.57025046,Palay
393,28.75273118,19.76182946,90.38503469,Palay
394,25.78746268,14.77959596,96.08745082,Palay
395,23.89271875,89.71503316,94.67344737,Mais
396,28.67408774,83.24855855,89.29147581,Palay
397,28.42062847,85.5701901,97.45373619,Palay
398,21.35499456,87.93598094,91.54560427,Palay
399,21.12695586,82.1193047,95.8946444,Palay
400,24.02037872,86.73346018,93.17221967,Palay
401,25.40474421,86.45147631,100.7720705,Palay
402,29.03017561,82.35916228,93.92375879,Palay
403,20.21368219,84.96089355,91.88766069,Palay
404,29.19585548,86.45193297,91.10190759,Palay
405,18.29783597,85.16906976,67.12534492,Palay
406,27.41434987,80.4513142,68.38135469,Palay
407,24.84063998,84.96771717,68.73932528,Mais
408,29.94413861,83.64274107,66.83872293,Mais
409,25.87990287,89.07866095,65.34440794,Mais
410,20.0467711,87.93724219,70.39906054,Palay
411,22.99451999,85.81675947,66.76285469,Palay
412,24.55981624,80.29868321,69.63122027,Palay
413,19.65690085,86.404241,66.77844567,Palay
414,19.45339934,63.64698302,42.44054315,Mais
415,19.12829388,66.15665137,70.10472076,Mais
416,19.1034283,65.91359954,63.9187654,Mais
417,17.48504075,62.73317204,38.53254678,Mais
418,19.40751744,66.74217464,32.81296548,Mais
419,20.18649426,65.62971858,54.73367631,Mais
420,17.30287885,66.31394098,38.7976407,Mais
421,17.50361137,67.88811637,55.296354,Mais
422,18.17234999,60.13263713,36.35720652,Mais
423,17.57445618,63.54718862,44.75215854,Mais
424,20.93175255,65.67718163,42.99498978,Palay
425,19.71098332,62.99303471,56.48265193,Palay
426,19.07937684,63.29103387,53.01899249,Palay
427,18.54988627,61.3009051,41.82490236,Palay
428,18.19903647,67.77954584,46.75690086,Palay
429,18.88852533,63.49802189,59.87232071,Palay
430,18.49311205,63.27771461,44.64407105,Palay
431,19.48974337,60.63872613,44.01206619,Palay
432,17.25769499,69.92375891,45.91011391,Palay
433,19.62416326,68.51966729,37.54602719,Palay
434,20.67526473,62.13873825,40.77872823,Palay
435,20.02381489,60.97876599,42.83053902,Palay
436,20.1187446,66.14007674,51.52617423,Palay
437,20.65691793,62.57526895,49.11964582,Palay
438,19.2582557,69.15640149,57.65901369,Palay
439,20.57981887,60.2816298,43.1386631,Palay
440,24.71417533,61.78779413,48.54598575,Palay
441,20.27317074,63.18832976,56.76278363,Palay
442,18.41932981,61.77336343,37.31236904,Mais
443,23.39128187,62.60136323,56.51103293,Palay
444,19.84939404,63.18738532,37.01110438,Palay
445,21.869274,61.62313345,50.47333854,Palay
446,22.8056033,65.8567539,57.79863368,Palay
447,19.0781471,64.49166566,44.56598352,Palay
448,22.02720976,68.65257685,56.68833819,Palay
449,23.80546189,68.01965728,59.87065439,Palay
450,18.52510753,69.6897615,48.48319335,Palay
451,23.50297882,63.41785982,48.56690235,Palay
452,26.54986394,60.09116626,43.80041104,Palay
453,19.29563411,67.31323084,36.94616965,Palay
454,20.68899915,67.55109024,53.43228915,Mais
455,19.32666088,65.84395319,50.49913241,Palay
456,24.60532218,66.70897237,45.04467075,Palay
457,22.27373646,66.92642362,58.37249772,Palay
458,25.70196694,62.44616219,40.12044158,Mais
459,19.20129357,69.48515056,51.09802625,Mais
460,21.70181447,61.18458224,58.86687093,Mais
461,20.51716779,66.43934593,56.04995423,Palay
462,23.30355338,62.70637578,58.41394143,Palay
463,24.2547451,60.85993533,54.96121262,Palay
464,24.86374934,69.12613376,49.61865305,Palay
465,22.6265115,69.76112921,52.84626009,Palay
466,18.04185513,63.93927841,55.03723979,Mais
467,26.88630675,60.19461399,54.62243308,Palay
468,31.33170829,62.04814951,59.03629954,Palay
469,33.30711818,68.10365387,52.93031105,Palay
470,23.45379018,69.29786244,56.52558045,Palay
471,34.53823889,63.22011726,53.15223123,Palay
472,19.50112224,63.68128841,50.46746116,Palay
473,28.76794904,68.03209183,39.23831035,Palay
474,30.97758716,65.44544859,44.17580911,Mais
475,18.39759147,65.47227704,45.48591922,Mais
476,35.09357419,65.73085206,56.09542002,Mais
477,34.93174223,67.10004577,41.39081525,Palay
478,29.50523036,68.93307305,57.99524359,Palay
479,34.51934775,61.09533545,43.15411472,Palay
480,28.43430726,67.40460704,50.91511275,Palay
481,18.41645629,63.39503184,43.78420984,Palay
482,31.07508973,63.46170674,49.50812624,Mais
483,20.89342749,62.50453062,36.45012824,Palay
484,30.90607799,66.895409,37.45680611,Palay
485,27.9348279,69.3159965,53.79732545,Palay
486,35.95176642,69.55863145,37.44800463,Palay
487,19.54317155,64.07691942,54.7960127,Palay
488,19.63736208,64.00213929,40.53173216,Palay
489,31.2192752,62.35557553,50.9246554,Palay
490,33.50876355,67.76252583,56.01913159,Palay
491,24.80710166,61.28633405,58.18713162,Palay
492,36.20970524,66.29327012,48.9366954,Palay
493,30.50420876,60.53657684,42.02483277,Palay
494,26.01630259,63.14909763,43.05130077,Palay
495,31.48469278,60.47528931,39.26137642,Palay
496,33.15122581,60.4989659,50.01534317,Palay
497,23.50222822,60.71367427,51.53848218,Palay
498,34.87248659,63.20915034,53.35486977,Palay
499,28.09269012,65.1034354,36.12042927,Palay
500,24.54757829,62.45851612,38.14476781,Palay
501,33.64769646,67.89815262,40.16545979,Palay
502,20.5591255,62.74710773,50.66487502,Palay
503,19.95991719,68.17543102,43.95183726,Palay
504,28.87667593,61.88321072,58.29933073,Palay
505,36.04353699,68.05394959,43.25095608,Palay
506,23.6734328,67.02664337,44.47427436,Palay
507,25.74679443,64.50515776,59.84499208,Palay
508,31.08564994,62.96841833,43.4826194,Palay
509,18.72987676,64.45268309,43.12063289,Palay
510,29.50304807,66.7729209,44.30070517,Palay
511,20.43517772,65.57653373,58.52974279,Palay
512,36.00415838,62.10652364,43.25726752,Palay
513,31.46846241,64.1123333,37.2464655,Palay
514,36.30049702,63.73086065,56.12443206,Palay
515,29.49096726,60.26854183,52.55469976,Palay
516,30.5753044,65.8108757,71.89090748,Palay
517,24.69487673,68.98088448,67.15096376,Palay
518,23.17409556,65.21662467,70.23207557,Palay
519,19.04380471,68.70533022,73.23573601,Palay
520,29.32379604,69.4073209,72.49507741,Palay
521,34.6455408,63.13215259,62.26242533,Palay
522,21.9989826,68.6428593,66.85510868,Palay
523,22.99774444,63.90164154,68.02199825,Palay
524,30.55992394,60.424786,73.67166182,Palay
525,31.46417866,63.58337146,73.84949872,Palay
526,25.95058595,67.62779652,69.28607828,Palay
527,21.01142393,63.83179889,64.55882254,Palay
528,19.25100056,66.32102048,67.53021213,Palay
529,19.24462755,91.63536236,66.63830637,Palay
530,22.47253208,89.93701023,70.86340755,Palay
531,36.75087487,87.4024767,67.1367443,Palay
532,29.89286629,94.5110662,68.97097538,Palay
533,29.37735586,89.90147027,69.75555541,Mais
534,29.65052947,92.40501423,71.50569456,Mais
535,19.54284889,89.3259486,61.91208707,Mais
536,20.04611791,91.45498527,74.01229707,Mais
537,27.91095209,94.27659596,74.91559514,Mais
538,27.32220619,92.68328358,71.78615328,Mais
539,28.66024187,85.19098079,63.02473185,Mais
540,29.02955344,85.63608688,61.19250859,Mais
541,27.78031515,86.35590206,65.62859526,Mais
542,31.99928579,93.7974061,63.49726331,Mais
543,27.33580911,89.73266695,65.81655892,Mais
544,28.92952635,89.08935702,70.1415139,Mais
545,27.65472156,92.30882391,74.61649888,Mais
546,28.52396666,94.88267728,65.820457,Mais
547,31.02215872,88.16779129,69.24464096,Mais
548,25.74095321,89.61794165,70.88787207,Mais
549,31.70447482,89.9224883,61.46892873,Mais
550,24.47876451,94.79397419,64.72797143,Mais
551,31.46511256,89.31505137,62.3061735,Mais
552,25.60973447,91.11927248,69.85112265,Mais
553,30.30260453,89.75272999,73.58663968,Mais
554,28.17489437,91.19442671,66.37171179,Mais
555,25.50634557,87.31290342,74.86960831,Mais
556,31.12896766,91.34039616,65.66436565,Mais
557,26.34043268,89.68919664,60.4693835,Mais
558,28.23494706,88.92944254,72.43169115,Mais
559,27.04453473,90.83687246,63.57445989,Mais
560,25.16125354,89.93457597,70.25496749,Mais
561,27.3179125,90.29751796,71.48327008,Palay
562,25.4123765,87.74938524,63.1830529,Palay
563,31.21629982,94.95031368,70.27184748,Palay
564,30.573999,89.64934166,60.41790253,Palay
565,25.42517036,87.84034604,72.17818157,Palay
566,27.09400578,94.25702672,67.83345933,Palay
567,24.30935081,93.87030088,70.0866434,Palay
568,30.06142622,85.56083187,69.40878198,Palay
569,28.09568993,87.59629625,62.30278274,Palay
570,26.33908791,93.0569505,61.16350463,Palay
571,28.05153602,88.1508343,71.72980375,Palay
572,19.44084326,89.38003827,69.43895491,Palay
573,29.84823072,85.56033312,68.91754359,Palay
574,21.36383757,91.90842992,63.85668948,Palay
575,26.28663931,87.95158129,61.71111448,Palay
576,22.17499963,90.3396556,67.47677295,Palay
577,26.57597546,85.12912161,65.24194361,Palay
578,26.58972517,85.40695044,74.24459122,Palay
579,19.1345771,89.39686219,69.5274407,Palay
580,28.75273118,93.13277,71.36947525,Palay
581,25.78746268,94.26304717,68.64685069,Palay
582,23.89271875,91.12282162,73.44678678,Palay
583,28.67408774,89.7870345,67.32520551,Palay
584,28.42062847,90.88292835,73.40452716,Palay
585,21.35499456,88.71691157,69.46020927,Mais
586,21.12695586,86.19740917,74.62068748,Mais
587,24.02037872,93.14554876,71.21006868,Mais
588,25.40474421,89.61850203,64.32887142,Palay
589,29.03017561,93.34236582,63.29900785,Palay
590,20.21368219,85.42912869,69.68862306,Palay
591,29.19585548,87.22815682,63.51822045,Palay
592,18.29783597,91.61793636,64.11411069,Palay
593,27.41434987,86.10874614,63.46546487,Palay
594,24.84063998,90.64498715,63.02169909,Palay
595,29.94413861,92.03009222,72.50669768,Palay
596,25.87990287,89.01574455,70.40795007,Palay
597,20.0467711,90.97819712,62.78730907,Palay
598,22.99451999,94.63612858,46.13833007,Palay
599,25.13163619,86.34233767,53.46622584,Palay
600,28.49584395,88.48567856,50.89110726,Palay
601,18.28766124,94.94330457,50.90994463,Palay
602,24.38041875,87.1775172,36.46946971,Mais
603,21.31852148,88.83768149,35.15426171,Palay
604,18.54141834,90.88612388,49.14337177,Palay
605,25.28710601,88.87651295,52.55730112,Palay
606,25.43459777,94.46485312,42.96018627,Mais
607,28.83600962,86.88738076,49.02366803,Mais
608,27.37659643,90.42177379,41.78219834,Mais
609,28.31886863,91.08706822,38.71834464,Palay
610,27.4818649,94.42971362,49.78102578,Palay
611,18.28072173,92.97527546,51.92057267,Palay
612,27.61204997,89.02127045,54.9393771,Palay
613,23.43974653,92.51675903,50.89732989,Palay
614,20.95628486,94.99897537,44.93261911,Mais
615,23.7937153,89.24126808,49.39111479,Palay
616,22.6371424,88.45577158,44.43177543,Palay
617,21.53577883,86.79058496,48.77790371,Palay
618,29.87854588,35.6395615,40.37113729,Palay
619,25.2653291,32.45974539,47.89645224,Palay
620,25.17885316,51.29019509,46.05333124,Palay
621,24.12192608,38.83786012,54.49044154,Palay
622,23.33565221,44.93322042,49.04015558,Mais
623,21.74600081,57.3414485,53.14531023,Mais
624,27.60195453,48.41490082,48.60449438,Mais
625,24.388717,60.54880693,53.13946695,Palay
626,24.98287462,59.33157782,45.42616802,Palay
627,28.234829,62.4901206,44.07819743,Palay
628,26.03026959,43.61444121,49.37369982,Palay
629,28.04849594,47.2879691,41.02682925,Palay
630,24.87425505,40.7192594,44.08562546,Mais
631,23.97081395,66.68832981,49.47371773,Palay
632,20.06003985,61.33186249,45.36521251,Palay
633,19.59221047,63.46513414,37.81123974,Palay
634,29.77013109,39.37252634,48.80253285,Palay
635,27.52135365,56.01334416,42.72374404,Palay
636,25.62896213,35.39454002,45.40277297,Palay
